C14210226;Kevin Sadino;Silvia;Yulia;Alex;Adi;01/01/2023
C14210208;Jonathan;Adi;Alex;Yulia;Henry;10/01/2023
C14210072;Samuel;Henry;Krisna;Luis;Alvin;03/04/2023
C14210013;Budi;siapa;siapa;siapa;siapa;09/04/2023
C14210034;Clifton;Silvia;Yulia;Alex;Adi;05/06/2023
C14210011;Jeje;Alex;Poatan;Henry;Cavill;06/09/2023
C14210012;Acto;Alex;Henry;Stephanus;Djoni;07/08/2023
C14210098;Kent;Alex;Henry;Stephanus;Djoni;08/08/2023
C14210017;Nicho;Alex;Henry;Stephanus;Djoni;09/08/2023
C14210077;Erica;Alex;Henry;Stephanus;Djoni;17/04/2023
C14210099;Erica;Alex;Henry;Stephanus;Djoni;11/04/2023
C14210088;Erica;Alex;Henry;Stephanus;Djoni;01/04/2023
C14210089;Verdy;Alex;Henry;Stephanus;Djoni;12/04/2023
C14210090;Verdy;Alex;Henry;Stephanus;Djoni;12/04/2023
C14210071;Hadi;Alex;Henry;Stephanus;Djoni;09/04/2022
C14210091;Kevin Sadino;Alex;Henry;Stephanus;Djoni;10/04/2022
